,refinery,OPEX,CAPEX,additional costs,objective,blended SAF,SAF,g,d,total logistic
0,Refinaria Clara Camarão,0.0,0.0,94455585594.58951,126740287703.13977,0.0,0.0,0.0,0.0,225563006.70983422
1,Refinaria Landulpho Alves,0.0,0.0,94455585594.58951,126740287703.13977,0.0,0.0,0.0,0.0,225563006.70983422
2,Refinaria Duque de Caxias,0.0,0.0,94455585594.58951,126740287703.13977,0.0,0.0,0.0,0.0,225563006.70983422
3,Refinaria Alberto Pasqualini ,0.0,0.0,94455585594.58951,126740287703.13977,0.0,0.0,0.0,0.0,225563006.70983422
4,Refinaria Gabriel Passos,0.0,0.0,94455585594.58951,126740287703.13977,0.0,0.0,0.0,0.0,225563006.70983422
5,Refinaria Isaac Sabbá,0.0,0.0,94455585594.58951,126740287703.13977,0.0,0.0,0.0,0.0,225563006.70983422
6,Refinaria Presidente Getúlio Vargas,0.0,0.0,94455585594.58951,126740287703.13977,0.0,0.0,0.0,0.0,225563006.70983422
7,Refinaria de Paulínia ,0.0,0.0,94455585594.58951,126740287703.13977,1281769.3461000002,0.0,0.0,0.0,225563006.70983422
8,Refinaria Henrique Lage,0.0,0.0,94455585594.58951,126740287703.13977,0.0,0.0,0.0,0.0,225563006.70983422
